Subtitle Block,label,score
ï»¿1,neutral,0.9678841233253479
- Is this on?- That's fine.,neutral,0.4624794125556946
"I can break through walls,I just can't...",disapproval,0.6388929486274719
- That's fine.- I can't get this on.,neutral,0.49118852615356445
Mr. Incredible...Do you have a secret identity?,curiosity,0.699469268321991
Every superhero has a secret identity.I don't know a single one who doesn't.,neutral,0.7943246960639954
Who wants the pressureof being super all the time?,curiosity,0.5034307241439819
Of course I have a secret identity.,neutral,0.48622676730155945
Can you see me in thisat the supermarket? Come on.,curiosity,0.6296485662460327
"Who'd want to go shoppingas Elastigirl, know what I mean?",curiosity,0.5292369723320007
"Superladies, they're always tryingto tell you their secret identity.",neutral,0.870028555393219
Think it'll strengthenthe relationship or something.,neutral,0.9374436736106873
"I said, ""Girl, I don't want to knowabout your mild-mannered alter ego.""",neutral,0.7866852879524231
"I mean, you tell me you'rea super-mega-ultra-lightning-babe,",neutral,0.7955683469772339
that's all right with me.I'm good. I'm good.,admiration,0.7195823192596436
"No matter how many timesyou save the world,",neutral,0.4989086389541626
it always manages to get backin jeopardy again.,neutral,0.7842971682548523
"Sometimes I just want it to stay saved,you know?",neutral,0.605947732925415
"For a little bit. I feel like the maid.""I just cleaned up this mess.",neutral,0.4503278434276581
"""Can we keep it cleanfor ten minutes?""",neutral,0.6965759992599487
I could get to that point.,neutral,0.6443938612937927
"- ""Please?""- We're not finished.",neutral,0.9443896412849426
"Sometimes I think I'd just likethe simple life, you know?",confusion,0.5953026413917542
Relax a little and raise a family.,caring,0.7331119179725647
Settle down? Are you kidding?I'm at the top of my game!,neutral,0.23962439596652985
"I'm up there with the big dogs!Girls, come on.",neutral,0.8589505553245544
Leave the saving of the worldto the men? I don't think so.,confusion,0.7171940803527832
I don't think so.,disapproval,0.8843821883201599
Mr. Incredible.,admiration,0.5450201630592346
"- What is it, ma'am?- My cat, Squeaker, won't come down.",neutral,0.7563424706459045
Certainly. I suggest you stand clear.There could be trouble.,caring,0.5123212337493896
"No, he's quite tame.",approval,0.5835624933242798
Let go now.,neutral,0.9659147262573242
"Thank you, Mr. Incredible.You've done it again.",gratitude,0.9911141991615295
"- You're the best.- No, I'm just here to help.",admiration,0.7475749254226685
All units.We have a tour bus robbery...,neutral,0.7405403256416321
Tour bus robbery. I've still got time.,neutral,0.7968276739120483
Officers. Ma'am. Squeaker.,neutral,0.9620878100395203
- Cool! Ready for take-off!- What the...,excitement,0.5643062591552734
- Who are you supposed to be?- I'm IncrediBoy.,neutral,0.66185063123703
What? No.,neutral,0.4968145191669464
You're that kid from the fan club.,neutral,0.7948643565177917
Brophy. Brody.Buddy! Buddy!,neutral,0.9396021962165833
My name is IncrediBoy.,neutral,0.9561447501182556
"I've been nice, I've stood for photos,",admiration,0.5319027304649353
signed every scrap of paperyou pushed at me...,neutral,0.9512465596199036
"No, don't worry about training me.I know your moves,",caring,0.5618343949317932
"crime fighting style,favorite catch phrases, everything!",neutral,0.8669373393058777
I'm your number one fan!,love,0.5554491281509399
"Hey! Hey, wait!",neutral,0.6106491088867188
"You know,",neutral,0.9153191447257996
"you can tell a lot about a womanby the contents of her purse,",neutral,0.9430677890777588
but maybe that's notwhat you had in mind.,confusion,0.4964410066604614
"Hey, look...",neutral,0.7480671405792236
Elastigirl.,neutral,0.9687636494636536
Mr. Incredible.,admiration,0.5450201630592346
"- It's all right. I've got him.- Sure, you've got him.",approval,0.7814909219741821
"- I just took him out for you.- Sure, you did.",neutral,0.6266597509384155
- His attention was on me.- A fact I exploited to do my job.,neutral,0.9226775765419006
"- My job, you mean.- A simple thank you will suffice.",gratitude,0.9766796827316284
"Thanks, but I don't need any help.",gratitude,0.9735488295555115
"Whatever happened to ""ladies first""?",curiosity,0.613515317440033
"Well, whatever happenedto equal treatment?",curiosity,0.667454183101654
"Look, the lady got me first.",neutral,0.8380815386772156
"- Well, we could share, you know.- I work alone.",neutral,0.8595998287200928
"Well, I think you need to be more",neutral,0.6276995539665222
flexible.,neutral,0.9610506892204285
Are you doing anything later?,curiosity,0.5616562366485596
I have a previous engagement.,neutral,0.8166688084602356
"Now, you just stay here.",neutral,0.951439380645752
They usually pick upthe garbage in an hour.,neutral,0.9518765211105347
"- Hey, Incredible!- Hey, Frozone!",excitement,0.4008019268512726
- Shouldn't you be getting ready?- I still got time.,neutral,0.6779811978340149
He's gonna jump!,neutral,0.9565051198005676
I thinkyou broke something.,neutral,0.8758126497268677
"With counseling,I think you'll come to forgive me.",caring,0.6296043395996094
Wait a minute.,neutral,0.8336221575737
Bomb Voyage.,neutral,0.9657016396522522
And IncrediBoy!,neutral,0.9658926725387573
IncrediBoy?,neutral,0.7487280368804932
Aren't you curious about how I getaround so fast? I have rocket boots.,curiosity,0.8720975518226624
"- Go home, Buddy. Now.- What?",neutral,0.844441294670105
Can we talk?,curiosity,0.5843783617019653
"You always say be true to yourself,",neutral,0.8402888774871826
but you never saywhich part to be true to.,neutral,0.9017083644866943
"Well, I've finally figured out who I am.I am your ward. IncrediBoy!",realization,0.4224749207496643
"And now, you have officiallycarried it too far, Buddy.",neutral,0.8990877270698547
"This is because I don't have powers,isn't it?",confusion,0.555827260017395
"Not every superhero has powers,you know.",neutral,0.5849552154541016
You can be super without them.,neutral,0.46870487928390503
I invented these.I can fly. Can you fly?,neutral,0.30185243487358093
"Fly home, Buddy. I work alone.",neutral,0.9552112817764282
Just give me one chance!I'll show you. I'll go get the police.,neutral,0.5437875390052795
"- Buddy, don't!- It'll only take a second, really.",neutral,0.6019027829170227
"No, stop!There's a bomb!",neutral,0.41819021105766296
"Let go, you're wreckingmy flight pattern.",neutral,0.3752308785915375
- I can do this if you let go!- Will you just...,neutral,0.49757814407348633
- I'm trying to help! Stop!- Let go of my cape!,neutral,0.8134045600891113
Take this one home. And make surehis mom knows what he's been doing.,neutral,0.9581237435340881
I can help you.You're making a mist...,caring,0.8839975595474243
The injured jumper.You sent paramedics?,neutral,0.5646752119064331
They picked him up.,neutral,0.9666334986686707
The blast in that buildingwas caused by Bomb Voyage,neutral,0.9223508834838867
who I caught robbing the vault.,neutral,0.8913931846618652
We might nab himif we set up a perimeter.,neutral,0.9520775675773621
"- He got away?- Well, yeah.",neutral,0.45081841945648193
- Skippy here made sure of that.- IncrediBoy.,neutral,0.874126136302948
"You're not affiliated with me!Holy smokes, I'm late.",annoyance,0.35277676582336426
"Listen, I've gotta be somewhere.",neutral,0.905528724193573
"- What about Bomb Voyage?- Any other night, I'd go after him,",neutral,0.7225382924079895
but I really gotta go. Don't worry.We'll get him! Eventually!,caring,0.7879673838615417
- Is the night still young?- You're very late.,neutral,0.5052552223205566
- How do I look? Good?- The mask. You still got the mask.,neutral,0.5059664845466614
Showtime.,neutral,0.9368158578872681
"Robert Parr, will you have this womanto be your lawful wedded wife?",curiosity,0.6390275955200195
"You're late. When you askedif I was doing anything later,",neutral,0.8606693744659424
I didn't realize you'd forgotten.I thought it was playful banter.,realization,0.837087869644165
"- It was.- Cutting it close, don't you think?",confusion,0.47986283898353577
You need to be more flexible.,caring,0.7369892597198486
"I love you, but if we'regonna make this work,",love,0.9468124508857727
you've gotta be morethan Mr. Incredible.,admiration,0.7221781611442566
You know that. Don't you?,curiosity,0.5753936767578125
- ...so long as you both shall live?- I do.,neutral,0.5171104073524475
I pronounce this couplehusband and wife.,neutral,0.6627840995788574
As long as we both shall live.No matter what happens.,optimism,0.6808986067771912
"Hey, come on. We're superheroes.What could happen?",curiosity,0.6271563172340393
"In a stunning turn ofevents, a superhero is being sued",surprise,0.6836981177330017
"for saving someone who,apparently, didn't want to be saved.",neutral,0.9491328597068787
"The plaintiff, Oliver Sansweet,",neutral,0.9690451622009277
"who was foiled in his attemptedsuicide by Mr. Incredible,",neutral,0.9331613183021545
has filed suit against the famedsuperhero in Superior Court.,neutral,0.9414175152778625
Mr. Sansweet didn't ask to be saved.He didn't want to be saved.,neutral,0.8758721947669983
"The injury received fromMr. Incredible's ""actions,""",neutral,0.9640681743621826
- causes him daily pain.- I saved your life!,caring,0.5883152484893799
You didn't save my life!You ruined my death.,sadness,0.4839998483657837
My client has no comment.,neutral,0.9371199011802673
Another suit was filedby victims of the El train accident.,neutral,0.9247795939445496
Incredible's court lossescost the government millions.,neutral,0.7184486389160156
And opened the floodgates for dozensof superhero lawsuits the world over.,neutral,0.9136799573898315
It is time for their secret identityto become their only identity.,neutral,0.9179008603096008
"Time for them to join us, or go away.",neutral,0.9413179755210876
"Under public pressure,and the financial burden",neutral,0.8798771500587463
"of an ever mounting series of lawsuits,",neutral,0.9539408683776855
the government quietly initiatedthe Superhero Relocation Program.,neutral,0.9274803400039673
"The supers were granted amnestyfrom responsibility for past actions,",neutral,0.845355749130249
in exchange for the promiseto never again resume hero work.,neutral,0.9547352194786072
Where are they now?,curiosity,0.5179696083068848
"They are living among us.Average citizens, average heroes.",neutral,0.7869870066642761
Quietly and anonymously continuingto make the world a better place.,approval,0.435975581407547
Denied? You're denying my claim?,neutral,0.41049817204475403
I don't understand.I have full coverage.,confusion,0.8627662658691406
"I'm sorry, Mrs. Hogenson,",remorse,0.7218621969223022
but our liability is spelled outin paragraph 17.,neutral,0.9299124479293823
- It states clearly...- I can't pay for this.,neutral,0.7579828500747681
"Excuse me. Claims, Bob Parr.",neutral,0.8066476583480835
I'm calling to celebratea momentous occasion.,excitement,0.6088883280754089
We're now officially moved in.,joy,0.3513825535774231
"Yeah, well, that's great, honey.",admiration,0.9512353539466858
The last three yearsdon't count because...,neutral,0.5522193312644958
"Because I finally unpacked the last box.Now, it's official. Ha, ha, ha.",amusement,0.7496500015258789
Why do we haveso much junk?,curiosity,0.5216251015663147
"Listen, I've got a client.",neutral,0.9133159518241882
"Say no more. Go save the worldone policy at a time, honey.",neutral,0.560245156288147
Oh! I gotta go pick up the kids.See you tonight.,neutral,0.7011006474494934
"Bye, honey.Excuse me. Where were we?",curiosity,0.4260339140892029
"I'm on a fixed income,and if you can't help me,",neutral,0.7785214185714722
I don't know what I'll do.,confusion,0.9122068881988525
"All right, listen closely.I'd like to help you, but I can't.",caring,0.7596954703330994
I'd like to tell you to take a copyof your policy to Norma Wilcox on...,neutral,0.7497366070747375
Norma Wilcox.W-I-L-C-O-X.,neutral,0.9674339294433594
On the third floor. But I can't.,disapproval,0.6576919555664062
I also do not advise youto fill out and file a WS2475 form,disapproval,0.5038667321205139
with our legal departmenton the second floor.,neutral,0.9639402627944946
I wouldn't expect someone to get backto you quickly to resolve the matter.,neutral,0.6604857444763184
"I'd like to help,but there's nothing I can do.",desire,0.3413141071796417
"Oh, thank you, young man.",gratitude,0.9906328916549683
Sorry.I know you're upset!,sadness,0.66408771276474
Pretend to be upset.,neutral,0.8648116588592529
Parr!,neutral,0.9551257491111755
You authorized paymenton the Walker policy!,neutral,0.9627776145935059
"Someone brokeinto their house, Mr. Huph.",neutral,0.94830322265625
- Their policy covers...- I don't wanna know about it.,neutral,0.783795177936554
Don't tell me about it. Tell me howyou're keeping Insuricare in the black.,curiosity,0.5934139490127563
"Tell me how that's possible,with you writing checks",curiosity,0.554219126701355
to every Harry Hardluck and SallySobstory that gives you a phone call.,neutral,0.9575976133346558
Morning break is over.Morning break is over.,neutral,0.9073440432548523
"I appreciate you comingdown here, Mrs. Parr.",admiration,0.8991767764091492
What's this about?Has Dash done something wrong?,curiosity,0.646376371383667
He's a disruptive influence and heopenly mocks me in front of the class.,neutral,0.48899582028388977
"- He says.- Look, I know it's you!",neutral,0.6184157133102417
- He puts thumbtacks on my stool.- You saw him do this?,neutral,0.7739496231079102
Well... Not really. No.,disapproval,0.7812015414237976
"Actually, not.",disapproval,0.7633426189422607
"Oh, then how do you know it was him?",curiosity,0.505495011806488
"I hid a camera.Yeah, and this time, I've got him.",neutral,0.806451141834259
See? You see?,neutral,0.8075234293937683
You don't see it?,neutral,0.8113283514976501
He moves! Right there!,neutral,0.9170209765434265
"Wait, wait! Right there!",neutral,0.35650715231895447
Right as I'm sitting down!,neutral,0.8920689821243286
"I don't know how he does it,",confusion,0.9140188097953796
but there's no tack before he moves,neutral,0.9425893425941467
"and after he moves, there's a tack.Coincidence? I think not!",disapproval,0.48655325174331665
"- Bernie...- Don't ""Bernie"" me.",neutral,0.8311737775802612
This little rat is guilty!,remorse,0.5225617289543152
"You and your son can go now,Mrs. Parr. I'm sorry for the trouble.",remorse,0.7748287916183472
You're letting him go again?He's guilty!,remorse,0.5100857019424438
"You can see it on his smug little face.Guilty, I say, guilty!",remorse,0.6985391974449158
"Dash, this is the third time this yearyou've been sent to the office.",neutral,0.9053866267204285
We need to find a better outlet.A more constructive outlet.,desire,0.6458829045295715
"Maybe I could,if you'd let me go out for sports.",neutral,0.8179618716239929
"Honey, you know why we can't do that.",neutral,0.38874316215515137
I promise I'll slow up.I'll only be the best by a tiny bit.,optimism,0.4130652844905853
"Dashiell Robert Parr,",neutral,0.9689304232597351
you are an incredibly competitive boy.And a bit of a showoff.,admiration,0.9262214303016663
The last thing you need is temptation.,neutral,0.5540075898170471
"You always say, ""Do your best.""But you don't really mean it.",neutral,0.696789026260376
Why can't I do the best that I can do?,curiosity,0.5218794345855713
"Right now, honey,the world just wants us to fit in,",neutral,0.8068943023681641
"and to fit in, we just gotta belike everybody else.",neutral,0.898481011390686
Dad always said our powerswere nothing to be ashamed of.,neutral,0.784573495388031
"- Our powers made us special.- Everyone's special, Dash.",admiration,0.44971027970314026
Which is another wayof saying no one is.,neutral,0.9291452765464783
"Rydinger, where you headed?",neutral,0.5857045650482178
"- Hi, Tony.- Hey.",neutral,0.9152711033821106
"- ""Hey, Tony, can I carry your books?""- That's kind of funny.",amusement,0.8614774346351624
"""Hey, Tony, do you play football?""",neutral,0.788158118724823
"Tony, I thought we weregonna go swimming.",neutral,0.7173922061920166
He looked at me.,neutral,0.942429780960083
"Come on, Violet!",neutral,0.9436271786689758
Darn kids.Sitting on the driveway...,neutral,0.7137839794158936
"Oh, great.",admiration,0.9490957856178284
Mom.,neutral,0.9561173915863037
"- You're making weird faces again.- No, I'm not.",disapproval,0.46018537878990173
"You make weird faces, honey.",neutral,0.43689388036727905
- Do you have to read at the table?- Uh-huh. Yeah.,neutral,0.45948681235313416
"Smaller bites, Dash. Yikes!",neutral,0.9281870126724243
"Bob, could you helpthe carnivore cut his meat?",neutral,0.6737084984779358
"Dash, you have something youwanna tell your father about school?",neutral,0.6099929213523865
"Well, we dissected a frog.",neutral,0.9010401368141174
Dash got sent to the office again.,neutral,0.9562991261482239
"- Good. Good.- No, Bob, that's bad.",disapproval,0.6494500041007996
- What?- Dash got sent to the office again.,neutral,0.8570063710212708
- What? What for?- Nothing.,neutral,0.6631474494934082
"He put a tack on the teacher's chair,during class.",neutral,0.9659812450408936
Nobody saw me.You could barely see it on the tape.,neutral,0.9315863251686096
They caught you on tapeand you still got away with it? Whoa!,neutral,0.4979894757270813
You must have been booking.How fast were you going?,curiosity,0.6499132513999939
We are not encouraging this.,disapproval,0.796236515045166
"I'm not, I'm just asking how fast...",neutral,0.8122001886367798
Honey!,neutral,0.8856820464134216
"Great. First the car,now I gotta pay to fix the table...",admiration,0.9065102338790894
What happened to the car?,curiosity,0.6735368967056274
Here. I'm getting a new plate.,neutral,0.35724493861198425
"So, how about you, Vi?How was school?",curiosity,0.7609232664108276
- Nothing to report.- You've hardly touched your food.,neutral,0.9097939729690552
"- I'm not hungry for meatloaf.- Well, it is leftover night.",neutral,0.840310275554657
"We have steak, pasta...What are you hungry for?",curiosity,0.6676867604255676
- Tony Rydinger.- Shut up.,anger,0.7045667171478271
"- Well, you are.- I said, shut up, you little insect.",anger,0.6237124800682068
"- Well, she is.- Do not shout at the table.",neutral,0.794860303401947
- Honey!- Kids! Listen to your mother.,neutral,0.8997570872306824
She'd eat if we were having Tony loaf.,neutral,0.9562973976135254
That's it!,approval,0.3707597255706787
Stop it!,anger,0.6149827241897583
- You're gonna be toast!- Stop running in the house.,neutral,0.9336119294166565
Sit down!,neutral,0.9638289213180542
"- Hey, no force fields!- You started it.",neutral,0.8321859240531921
You sit down! You sit down!,neutral,0.9489211440086365
Violet!,neutral,0.8179864287376404
"""Simon J. Paladino,",neutral,0.9674665927886963
"""longtime advocate of superhero rights,is missing""?",curiosity,0.3978559374809265
- Gazerbeam.- Bob! It's time to engage.,neutral,0.8362547755241394
Do something!Don't just stand there!,neutral,0.7773588299751282
- I need you to intervene!- You want me to intervene?,neutral,0.6236543655395508
Okay. I'm intervening!,approval,0.7229442000389099
"Violet, let go of your brother.",neutral,0.8659578561782837
Hello?,neutral,0.9319639801979065
Get the door.,neutral,0.9436108469963074
"- Hey, Lucius!- Hey, Speedo. Helen, Vi, Jack-Jack.",neutral,0.8950750231742859
- Ice of you to drop by.- Ha! Never heard that one before.,neutral,0.4049725830554962
Lucius!,neutral,0.9531665444374084
Whoa!,surprise,0.35535332560539246
"- Ha, ha.- Oh!",neutral,0.3303784132003784
- I like it when it shatters.- I'll be back later.,love,0.8998909592628479
- Where are you two going?- It's Wednesday.,neutral,0.5021122097969055
"Bowling night.Say hello to Honey for me, Lucius.",neutral,0.8622256517410278
"Will do. Good night, Helen.Good night, kids.",gratitude,0.4161960482597351
Don't think you've avoidedtalking about the principal's office.,neutral,0.63490891456604
Your father and Iare still gonna discuss it.,neutral,0.9246676564216614
I'm not the only kid who'sbeen sent to the office.,neutral,0.8580632209777832
Other kids don't have superpowers.,neutral,0.7720763683319092
"- Now, it's perfectly normal...- What do you know about normal?",approval,0.4249722957611084
What does anyonein this family know about normal?,curiosity,0.632842481136322
"- Now, wait a minute, young lady.- We act normal. I wanna be normal.",neutral,0.5632427930831909
"The only normal one is Jack-Jack,and he's not even toilet trained.",neutral,0.9098429083824158
Lucky.,joy,0.6743693947792053
I meant about being normal.,neutral,0.6496647000312805
So now I'm in deep trouble.,sadness,0.31009790301322937
"I mean, one more jolt of thisdeath ray and I'm an epitaph.",neutral,0.8580379486083984
Somehow I managed to find cover.What does Baron Von Ruthless do?,curiosity,0.47752514481544495
- He starts monologuing.- He starts monologuing.,neutral,0.9440552592277527
He starts this prepared speechabout how feeble I am compared to him.,neutral,0.9292427897453308
"How inevitable my defeat is, the worldwill soon be his. Yada, yada, yada.",neutral,0.6837049126625061
- Yammering.- Yammering.,neutral,0.9632984399795532
"I mean, the guy has meon a platter, and he won't shut up.",neutral,0.9168586134910583
"Municiberg, we have a 23-56...",neutral,0.967628538608551
- Robbery?- This is just sad.,sadness,0.9084312915802002
- Want to catch a robber?- No.,neutral,0.5640734434127808
"Tell you the truth,I'd rather go bowling.",neutral,0.886824905872345
"Look, what if we actually didwhat our wives think we're doing?",curiosity,0.5213929414749146
Just to shake things up.,neutral,0.892327070236206
He's not alone.The fat guy's still with him.,neutral,0.9198598861694336
They're just talking.,neutral,0.9578732848167419
- What are we doing here?- Protecting people.,neutral,0.4689737856388092
- Nobody asked us.- You need an invitation?,neutral,0.8228482007980347
"I'd like one, yes. We keepsneaking out to do this, and...",approval,0.38112780451774597
- You remember Gazerbeam?- There was something in the paper.,neutral,0.7669813632965088
- He had trouble with civilian life.- When did you see him?,curiosity,0.4333321154117584
I don't see anyone from the old days.Just you.,neutral,0.9477750062942505
- And we're pushing our luck as it is.- Come on.,neutral,0.922730565071106
"It was fun the first time,but if we keep doing this...",joy,0.7567019462585449
- We have a report on a fire...- A fire. We're close!,neutral,0.79007887840271
"- Yeah, baby!- We're gonna get caught.",neutral,0.7784261107444763
Fire! Yeah!,neutral,0.6647498607635498
- Is that everybody?- Yeah.,neutral,0.5491880774497986
- It better be.- Can't you put this out?,neutral,0.7953143119812012
I can't lay down a layer thick enough!It's evaporating too fast!,neutral,0.48802170157432556
- What's that mean?- It means it's hot.,neutral,0.5796889662742615
"- I'm dehydrated, Bob.- You're out of ice?",neutral,0.8720043897628784
You can't run out.You can use water in the air.,neutral,0.8112136125564575
"There is no water in this air!What's your excuse, run out of muscle?",curiosity,0.3507560193538666
I can't smash walls.The building's getting weaker.,disapproval,0.30071136355400085
- It's gonna come down on top of us.- I wanted to go bowling!,desire,0.693233072757721
All right! Stay right on my tail!This is gonna get hot!,neutral,0.6574483513832092
Yeah.,neutral,0.552920937538147
Uh-oh.,neutral,0.9227851629257202
"Oh, good.",admiration,0.9104135632514954
That ain't right.,disapproval,0.8360633254051208
- We look like incompetent bad guys!- You can get water out of the air.,neutral,0.6818559765815735
Freeze!,neutral,0.9684011936187744
Freeze!,neutral,0.9684011936187744
- I'm thirsty.- I said freeze!,neutral,0.8756252527236938
I'm just getting a drink.,neutral,0.8544009923934937
- You've had your drink. Now...- I know. I know. Freeze.,neutral,0.7130528092384338
Police officers!,neutral,0.9282705187797546
That was way too close.,neutral,0.8077078461647034
We are not doing that again.,disapproval,0.66285240650177
Verify you wantto switch targets? Over.,neutral,0.9064269661903381
Trust me. This is the onehe's been looking for.,neutral,0.5582838654518127
- I thought you'd be back by 11:00.- I said I'd be back later.,neutral,0.8542181849479675
"I assumed you'd be back later.If you came back at all,",neutral,0.8762691020965576
"- you'd be ""back later"".- Well, I'm back, okay?",neutral,0.461357444524765
Is this rubble?,curiosity,0.4664079546928406
It was justa little workout. Just to stay loose.,neutral,0.8718233108520508
You know how I feel about that.Darn you! We can't blow cover again.,annoyance,0.45938318967819214
The building was coming down anyway.,neutral,0.9338217973709106
What?,neutral,0.5953511595726013
You knocked down a building?,curiosity,0.5165283679962158
It was on fire. Structurally unsound.It was coming down.,annoyance,0.28397783637046814
Have you been listeningto the police scanner again?,curiosity,0.6473397016525269
I performed a public service.You act like that's a bad thing.,annoyance,0.5578984618186951
"It is a bad thing, Bob!",disapproval,0.6314056515693665
"Uprooting our family again, so you canrelive the glory days is a bad thing.",disappointment,0.4406878650188446
It's better than acting likethey didn't happen!,approval,0.7004594206809998
"Yes! They happened!But this, our family,",neutral,0.3257964253425598
"is what's happening now, Bob.And you are missing this!",neutral,0.8427243828773499
I can't believe you don't want to go toyour own son's graduation.,surprise,0.43854230642318726
It's not a graduation.He's moving from fourth to fifth grade.,neutral,0.8007014393806458
- It's a ceremony!- It's psychotic!,neutral,0.440599262714386
They keep creating new waysto celebrate mediocrity,neutral,0.9285707473754883
but if someone is exceptional...,neutral,0.9457263946533203
"This is not about you, Bob.It's about Dash.",neutral,0.7572602033615112
You want to do something for Dash?Let him actually compete.,neutral,0.5868826508522034
- Let him go out for sports!- I will not be made the enemy!,neutral,0.9278020262718201
- You know why we can't do that.- Because he'd be great.,admiration,0.4962935745716095
This is not about you!,disapproval,0.5191121697425842
"All right, Dash.I know you're listening. Come on out.",neutral,0.6321273446083069
"Vi? You, too, young lady.",neutral,0.8177364468574524
Come on. Come on out.,neutral,0.9659709930419922
"It's okay, kids.We're just having a discussion.",approval,0.6308361291885376
Pretty loud discussion.,neutral,0.863707959651947
But that's okay. What's importantis that Mommy and I are a team.,approval,0.7910837531089783
"- We're united, uh, against forces of...- Pigheadedness?",neutral,0.6256271004676819
- I was gonna say evil.- We're sorry we woke you.,remorse,0.8021659851074219
Everything's okay.Go back to bed. It's late.,approval,0.6408504843711853
"- Good night, Mom. Night, Dad.- Good night.",gratitude,0.4623025953769684
"In fact, we should all be in bed.",neutral,0.954057514667511
Request claimon claim numbers 158183...,neutral,0.9687655568122864
Haven't you got him yet?Where is he?,curiosity,0.5556488037109375
Mr. Huph would like to talkto you in his office.,neutral,0.9442545175552368
- Now?- Now.,neutral,0.9290319681167603
"Sit down, Bob.",neutral,0.9617431163787842
"I'm not happy, Bob. Not happy.",sadness,0.6086128950119019
- Ask me why.- Okay. Why?,neutral,0.6256264448165894
"Why what? Be specific, Bob.",neutral,0.679736316204071
Why are you unhappy?,curiosity,0.43106958270072937
Your customers make me unhappy.,disappointment,0.37725597620010376
"What, you've gotten complaints?",curiosity,0.5822777152061462
Complaints I can handle.,approval,0.5744171738624573
What I can't handle is your customers'inexplicable knowledge,neutral,0.25036826729774475
"of Insuricare's inner workings!They're experts. Experts, Bob!",admiration,0.911522626876831
"Exploiting every loophole,dodging every obstacle!",neutral,0.934608519077301
They're penetrating the bureaucracy!,neutral,0.780159592628479
- Did I do something illegal?- No.,disapproval,0.6277998089790344
- We shouldn't help our customers?- The law requires that I answer no.,disapproval,0.5467474460601807
- We're supposed to help people.- Help our people!,caring,0.7444143295288086
Starting with our stockholders.,neutral,0.9606719613075256
"Who's helping them out, huh?",curiosity,0.5684553384780884
"You know, Bob, a company...",neutral,0.9522549510002136
Is like an enormous clock.,neutral,0.9065658450126648
...is like an enormous...Yes. Precisely.,approval,0.6618494391441345
It only works if allthe little cogs mesh together.,neutral,0.7951064109802246
"Now, a clock needs to be cleaned,well-lubricated and wound tight.",neutral,0.9536355137825012
"The best clocks have jewel movements,cogs that fit, that cooperate by design.",neutral,0.6910355687141418
"I'm beingmetaphorical, Bob.",neutral,0.9644736647605896
Know what I mean by cooperative cogs?,neutral,0.45461490750312805
Bob?,neutral,0.777849555015564
"Bob? Look at mewhen I'm talking to you, Parr.",neutral,0.8954496383666992
"- That man out there, he needs help.- Don't change the subject.",caring,0.6813161373138428
- We're discussing your attitude.- He is getting mugged!,neutral,0.9396575689315796
"- Well, let's hope we don't cover him.- I'll be right back.",optimism,0.896426260471344
Stop right now or you're fired!,neutral,0.5597069263458252
Close the door.,neutral,0.9581648707389832
"Get over here, now.",neutral,0.9067057967185974
"I'm not happy, Bob. Not happy.",sadness,0.6086128950119019
"- He got away.- Good thing, too.",admiration,0.38772690296173096
You were this close to losing your...,neutral,0.6764246821403503
Uh-oh.,neutral,0.9227851629257202
Please report tooperating room 722 immediately.,neutral,0.9676300883293152
- How is he?- He'll live.,neutral,0.6446470618247986
"- I'm fired, aren't I?- You think?",neutral,0.5442519187927246
"- What can I say, Rick?- Nothing you haven't said before.",neutral,0.7031383514404297
- Someone was in trouble.- Always.,neutral,0.7319415807723999
"- I had to do something.- Every time you say that,",neutral,0.8722288608551025
it's a month and a halfof trouble for me.,neutral,0.20158751308918
Hundreds of thousandsof taxpayer's dollars.,neutral,0.9606007933616638
- I know.- We pay to keep the company quiet.,neutral,0.9028667211532593
"We pay damages, erase memories,relocate your family.",neutral,0.47563719749450684
"Every time it gets harder.Money, money, money.",neutral,0.7220414280891418
"We can't keep doing this. Weappreciate what you did in the old days,",disapproval,0.39683735370635986
"but those days are over.From now on, you're on your own.",neutral,0.7934467792510986
"Listen, Bob. Maybe I could relocate you,you know, for old times' sake.",neutral,0.9016990065574646
I can't do that to my family.Everyone just got settled.,disapproval,0.6639724373817444
I'll make it work. Thanks.,gratitude,0.9812130331993103
Take care of yourself.,caring,0.8993488550186157
What are you waiting for?,curiosity,0.5862470865249634
"I don't know.Something amazing, I guess.",admiration,0.8626872897148132
"Me, too, kid.",neutral,0.888997495174408
Huh?,neutral,0.5914810299873352
"""Hold still""?",neutral,0.8035326600074768
"Match, Mr. Incredible.",admiration,0.9130801558494568
Room is secure. Commence message.,neutral,0.6938261985778809
"Hello, Mr. Incredible.Yes, we know who you are.",neutral,0.5745354890823364
"Rest assured,your secret is safe with us.",caring,0.7486704587936401
My name is Mirage.We have something in common.,neutral,0.5993424654006958
"According to the government,neither of us exist.",neutral,0.9385583400726318
"Please pay attention, as this messageis classified and will not be repeated.",caring,0.8809475302696228
"I represent a top secret divisionof the government,",neutral,0.9299250841140747
"designing and testingexperimental technology,",neutral,0.9671053290367126
and we have needof your unique abilities.,neutral,0.8670052886009216
Something happenedat our testing facility.,neutral,0.7263525724411011
- Honey!- Huh? What?,neutral,0.6421908140182495
- Dinner's ready.- Okay.,neutral,0.8089950680732727
"...it is containedwithin an isolated area,",neutral,0.9624148607254028
"it threatens to cause incalculabledamage to itself and our facilities,",neutral,0.674741268157959
jeopardizing hundredsof millions of dollars...,neutral,0.6878700256347656
Is someone in there?,curiosity,0.5572783946990967
"- It's the TV, trying to watch.- Because of its sensitive nature...",neutral,0.9306631088256836
- Stop. It's time for dinner.- One minute!,neutral,0.8609192967414856
"If you accept, your payment will betriple your current annual salary.",neutral,0.8228858709335327
Call the number on the card.Voice-matching will ensure security.,neutral,0.571381688117981
"The supers aren't gone, Mr. Incredible.You're still here.",neutral,0.6409013271331787
You can still do great things. Or,optimism,0.6265248656272888
you can listen to police scanners.Your choice.,neutral,0.744999885559082
You have 24 hours to respond.,neutral,0.9569786787033081
Think about it.,neutral,0.9545429944992065
This messagewill self-destruct.,sadness,0.315441757440567
Uh-oh.,neutral,0.9227851629257202
You are one distracted guy.,neutral,0.8611990213394165
Am I? I don't mean to be.,confusion,0.609411358833313
I know you miss being a heroand your job is frustrating.,annoyance,0.6152856349945068
I just want you to know how much itmeans to me that you stay at it anyway.,desire,0.5739582180976868
- Honey? About the job?- What?,neutral,0.7383983135223389
- Something's happened.- What?,curiosity,0.5044685006141663
"- The, uh...- What?",neutral,0.7841881513595581
"The company is sending meto, uh, a conference.",neutral,0.9686254262924194
- A conference?- Out of town.,neutral,0.9306038022041321
I'm gonna be gone for a few days.,neutral,0.8196170926094055
"They've never sent you to a conferencebefore. This is good, isn't it?",curiosity,0.3916729986667633
Yes.,approval,0.5027540922164917
You see? They're finallyrecognizing your talents.,neutral,0.5454668998718262
- You're moving up.- Yes.,neutral,0.8061245083808899
"- Honey! This is wonderful!- Yes, it is.",admiration,0.922343909740448
Hello?,neutral,0.9319639801979065
This is Mr. Incredible.,neutral,0.6464415192604065
I'm in.,neutral,0.47461235523223877
The Omnidroid 9000is a top secret prototype battle robot.,neutral,0.9627586007118225
Its artificial intelligenceenables it to solve any problem,neutral,0.45858895778656006
"it's confronted with.And, unfortunately...",neutral,0.5945291519165039
Let me guess. It got smart enoughto wonder why it had to take orders.,neutral,0.33305463194847107
"We lost control. Now it's loosein the jungle, threatening our facility.",fear,0.4504314363002777
We've had to evacuate all personnelfrom the island for their own safety.,neutral,0.37874549627304077
How am I going in?,curiosity,0.5627580881118774
"The Omnidroid's defenses necessitatean air drop from 5,000 feet.",neutral,0.965898334980011
Its cloaking devicesmake it difficult to track.,neutral,0.9042201638221741
We're pretty sure it's onthe southern half of the island.,approval,0.49625441431999207
One more thing. Obviously itrepresents a significant investment.,neutral,0.6820052862167358
You want me to shut it downwithout destroying it.,neutral,0.7436201572418213
You are Mr. Incredible.,admiration,0.8699436187744141
"I've got to warn you,it's a learning robot.",neutral,0.23530752956867218
Every moment you fight it increasesits knowledge of how to beat you.,neutral,0.724064290523529
Shut it down. Do it quickly.Don't destroy it.,caring,0.34457817673683167
- And don't die.- Great. Thanks.,gratitude,0.9708617925643921
Showtime.,neutral,0.9368158578872681
Huh?,neutral,0.5914810299873352
Hmm.,neutral,0.9312935471534729
Uh-oh.,neutral,0.9227851629257202
"Oh, my back!",neutral,0.38619178533554077
Oh!,neutral,0.49554046988487244
Surprising. We must bring him back.,surprise,0.8386455178260803
"Sound the all clear,and invite him to dinner.",neutral,0.9373685717582703
"Most important, keep things light.",caring,0.5547914505004883
Praise him. Make him feellike we appreciate his abilities.,admiration,0.9372808337211609
Am I overdressed?,curiosity,0.5302020907402039
"Actually, you look rather dashing.",admiration,0.9057435393333435
- I take it our host is...- I'm sorry.,remorse,0.7994351983070374
He won't be dining with us.He hopes you'll understand.,neutral,0.7167189717292786
Of course. I do usually make it a pointto know who I'm working for.,approval,0.759293258190155
He prefers a certain amountof anonymity.,neutral,0.9464415907859802
"Surely, you of all peopleunderstand that.",approval,0.7476037740707397
"I was just wondering, of all the placesto settle down, why live...",surprise,0.6026822924613953
With a volcano?He's attracted to power. So am I.,neutral,0.8093121647834778
- It's a weakness we share.- Seems a bit unstable.,neutral,0.6276407837867737
I prefer to think of itas misunderstood.,neutral,0.6348887085914612
Aren't we all?,confusion,0.45597660541534424
Volcanic soil is amongthe most fertile on Earth.,neutral,0.40697407722473145
Everything at the tablewas grown right here.,neutral,0.6699699759483337
- How does it compare?- Everything's delicious.,admiration,0.714050829410553
"- Jeez.- Hurry, honey.",neutral,0.9221609830856323
Or you'll be late for work.,neutral,0.956416666507721
"- Have a great day, honey.- Thanks.",gratitude,0.965193510055542
"- Help customers, climb ladders...- Bring bacon.",neutral,0.9570546746253967
All that jazz.,neutral,0.892686128616333
You have an appointment?,neutral,0.6424278020858765
I'm an old friend. I just wanted to...,desire,0.8172440528869629
- All visitors are required...- Go check the electric fence.,neutral,0.9644783139228821
What is it? Who are you?What do you want?,curiosity,0.5999962091445923
"My God, you've gotten fat. Come in.Come, come.",neutral,0.4186250865459442
"Yes, things are going quite well.Quite well. My God, no complaints.",approval,0.6820132732391357
"But, you know, it is not the same.Not the same at all.",disapproval,0.7464262843132019
Weren't you in the news?Some show in Prayge... Prague?,curiosity,0.574045717716217
"Milan, darling. Milan.",neutral,0.7789489030838013
Supermodels.Nothing super about them.,neutral,0.8650912046432495
"Spoiled, stupid, little stick figures",annoyance,0.5094118714332581
with poofy lips who think onlyabout themselves.,neutral,0.935836672782898
Feh! I used to design for gods.,neutral,0.3966507613658905
"But perhaps you come with a challenge,eh? I was surprised to get your call.",surprise,0.8726971745491028
"E, I just need a patch job.",neutral,0.9146497845649719
"Hmm. This is megamesh.Outmoded, but very sturdy.",neutral,0.821037232875824
"And you've torn right through it!What have you been doing, Robert?",neutral,0.6306944489479065
Moonlighting hero work?,neutral,0.49829766154289246
Must have happened a long time ago.,realization,0.424236923456192
"I see. This is a hobo suit, darling.",love,0.4621221721172333
You can't be seen in this.I won't allow it!,disapproval,0.7326622009277344
"- Fifteen years ago, maybe, but now?- What do you mean? You designed it.",curiosity,0.4215722382068634
"I never look back, darling.It distracts from the now.",neutral,0.8084312677383423
You need a new suit.That much is certain.,neutral,0.6299521327018738
A new suit? Where the heckam I gonna get a new suit?,curiosity,0.5307780504226685
You can't! It's impossible!I'm far too busy.,disapproval,0.7421555519104004
"So ask me now,before I again become sane.",neutral,0.9244038462638855
Wait. You want to make me a suit?,curiosity,0.6464359760284424
"You push too hard, darling!But I accept.",approval,0.8232216238975525
- It will be bold. Dramatic!- Yeah.,neutral,0.7015615105628967
Heroic!,neutral,0.8980380892753601
"Yeah, something classic, like Dynaguy!",approval,0.5172035694122314
"Oh! He had a great look!Oh, the cape and the boots...",admiration,0.9295769929885864
No capes!,neutral,0.9404675960540771
- Isn't that my decision?- Do you remember Thunderhead?,curiosity,0.46357691287994385
"Tall, storm powers. Nice man.Good with kids.",admiration,0.9224588871002197
"- Listen, E...- November 15th of '58.",neutral,0.9607650637626648
"All was well, another day saved",neutral,0.28706616163253784
when his cape snaggedon a missile fin.,neutral,0.9636802077293396
Thunderhead was notthe brightest bulb...,neutral,0.742216944694519
Stratogale!,neutral,0.9635085463523865
"April 23rd, '57.Cape caught in a jet turbine.",neutral,0.9612102508544922
You can't generalizeabout these things.,disapproval,0.5401505827903748
"Meta-Man. Express elevator.Dynaguy, snag on takeoff.",neutral,0.9705833196640015
"Splashdown, sucked into a vortex.No capes!",neutral,0.9655497074127197
"Now, go on. Your new suit will befinished before your next assignment.",neutral,0.8301613926887512
You know I'm retired from hero work.,sadness,0.5074020028114319
"As am I, Robert.Yet, here we are.",neutral,0.8763570785522461
"E, I only need a patch job.For sentimental reasons.",neutral,0.8041450381278992
Fine.I will also fix the hobo suit.,approval,0.6166172623634338
"- You're the best of the best, E.- Yes, I know, darling. I know.",admiration,0.8740485310554504
"Don't answer it, honey, I got it!",neutral,0.4659620225429535
- Hello?- We have a new assignment for you.,neutral,0.9110655784606934
- How soon can you get here?- I'll leave tomorrow morning.,curiosity,0.5432063341140747
- See you there.- Goodbye.,neutral,0.9596761465072632
"Who was that, honey? The, uh, office?",curiosity,0.5683082342147827
"Another conference.Short notice, but, you know,",neutral,0.9256371259689331
duty calls.,neutral,0.9565967321395874
"- Bob?- Yeah, what's up, honey?",neutral,0.690009593963623
"- Ha... Have a great trip.- Thanks, sweetie.",gratitude,0.9858054518699646
- I'll call you when I get there.- I love you.,love,0.9553582072257996
"- So much.- I love you, too.",love,0.9566786289215088
This is your automated Captain.,neutral,0.9311824440956116
Would you care for more mimosa?,curiosity,0.7464385628700256
- Don't mind if I do. Thanks.- You're welcome.,gratitude,0.9872954487800598
Currently 78 degrees in Nomanisan.Perfect weather for flying.,admiration,0.7462432980537415
Please fasten your seat belt.We're beginning our descent.,neutral,0.9455899000167847
"Hello, Mr. Incredible.Nice suit.",admiration,0.9150558710098267
Thanks.,gratitude,0.9890905022621155
"Nice to be back, Mirage.",admiration,0.7227922677993774
You'll be briefed on your assignmentin the conference room at 2:00.,neutral,0.9565155506134033
"- D Wing, room A-113.- 2:00. Got it.",approval,0.6175174117088318
See you there.,neutral,0.9665207862854004
Edna.,neutral,0.9594379663467407
"- I'd like to speak to Edna, please.- This is Edna.",neutral,0.6412940621376038
- E? This is Helen.- Helen who?,neutral,0.756372332572937
Helen Parr? You know...,neutral,0.8641268610954285
Elastigirl?,neutral,0.6197355389595032
Darling! It's been such a long timeafter all these years! So long!,excitement,0.5175405144691467
It's been a while.,neutral,0.72221839427948
There's only one personBob would trust,neutral,0.9474272727966309
to patch his super suit. That's you.,neutral,0.9239540100097656
"Yes, yes, yes. Marvelous, isn't it?",approval,0.3347010910511017
Much better than thosehorrible pajamas he used to wear.,neutral,0.20467835664749146
They are finished.When are you coming to see?,neutral,0.6908480525016785
- I'm calling about...- Don't make me beg.,neutral,0.8516269326210022
"- I won't do it, you know.- Beg?",disapproval,0.5895206928253174
"No, I'm calling about suit.",disapproval,0.6428470611572266
Bob's suit!I'm calling about Bob's suit.,neutral,0.9595659375190735
"You come in one hour, darling.I insist, okay? Okay. Goodbye.",approval,0.36622515320777893
Hmm.,neutral,0.9312935471534729
It's bigger!,neutral,0.7430243492126465
It's badder!,annoyance,0.3646312654018402
"Ladies and gentlemen,it's too much for Mr. Incredible!",admiration,0.29190918803215027
It's finally ready.,neutral,0.659666895866394
"You know, I went through quite a fewsupers to get it worthy to fight you,",neutral,0.709524393081665
"but, man, it wasn't good enough!",disapproval,0.7660161256790161
"After you trashed the last one, I hadto make some major modifications.",neutral,0.6514732241630554
"Sure it was difficult,but you are worth it.",admiration,0.6238636374473572
"I mean, after all, I am your biggest fan.",admiration,0.4794839918613434
- Buddy?- My name is not Buddy!,neutral,0.8765313029289246
And it's not IncrediBoy either!,neutral,0.688413143157959
That ship has sailed.All I wanted was to help you.,desire,0.6843643188476562
I only wanted to help!And what did you say to me?,desire,0.46395838260650635
"Fly home, Buddy. I work alone.",neutral,0.9552112817764282
It tore me apart.But I learned an important lesson.,realization,0.349909245967865
You can't count on anyone.,neutral,0.8546257615089417
Especially your heroes.,neutral,0.9475188255310059
I was wrong to treat you that way.I'm sorry.,remorse,0.848398745059967
"See? Now you respect me,because I'm a threat.",admiration,0.3968943655490875
That's the way it works.,approval,0.7814376950263977
"There's a lot of people,whole countries who want respect.",neutral,0.5213351249694824
And they will paythrough the nose to get it.,neutral,0.9529366493225098
How do you think I got rich?I invented weapons.,curiosity,0.7008106708526611
"Now I have a weapon only I can defeat.And when I unleash it, I'll get...",approval,0.36816880106925964
You sly dog!You got me monologuing.,annoyance,0.2704811692237854
I can't believe it.,surprise,0.8352944254875183
"It's cool, huh? Zero-point energy.I save the best inventions for myself.",approval,0.6490488052368164
Am I good enough now?,confusion,0.6834313273429871
Who's super now?,curiosity,0.6119817495346069
I'm Syndrome! Your nemesis and...,neutral,0.9521244764328003
"Oh, brilliant!",admiration,0.9473111629486084
"All right, try this one on for size,big boy.",neutral,0.6544560790061951
Gazerbeam.,neutral,0.9688270092010498
Kronos?,neutral,0.730032205581665
Life reading negative.Mr. Incredible terminated.,sadness,0.4681957960128784
"This project has completelyconfiscated my life, darling.",love,0.43900731205940247
"Consumed me as only hero work can.My best work, I must admit.",admiration,0.8854902982711792
"Simple, elegant, yet bold. You will die.",neutral,0.6272179484367371
"- E, I just...- I did Robert's suit,",neutral,0.9532729983329773
"and it turned out so beautiful,I had to continue.",admiration,0.9586671590805054
"It's great to see you, but I haveno idea what you're talking about.",confusion,0.7776959538459778
"- I just...- Yes, words are useless.",approval,0.29317086935043335
"Gobble, gobble, gobble.Too much of it, darling. Too much!",neutral,0.2201080024242401
That is why I show you my work.,neutral,0.9108748435974121
That is why you are here.,neutral,0.7665063142776489
Edna Mode.,neutral,0.9651660919189453
And guest.,neutral,0.9677459597587585
Come. Sit.,neutral,0.9583281874656677
- Cream and sugar?- Thanks.,gratitude,0.9589000344276428
- I started with the baby.- Started?,neutral,0.7683297395706177
Shh! Darling! I cut it a littleroomy for the free movement.,neutral,0.8863187432289124
"The fabric is comfortablefor sensitive skin,",approval,0.48045819997787476
And can also withstanda temperature of over 1 000 degrees.,neutral,0.7586934566497803
Completely bulletproof.,neutral,0.6451120972633362
"And machine washable, darling.That's a new feature.",neutral,0.3810369074344635
What on earth do you thinkthe baby will be doing?,curiosity,0.6767919063568115
"Well, I'm sure I don't know, darling.Luck favors the prepared.",approval,0.7514734268188477
"I didn't know the baby's powers,so I covered the basics.",neutral,0.46613383293151855
- Jack-Jack doesn't have any powers.- No?,neutral,0.7210189700126648
"Well, he'll look fabulous anyway.",admiration,0.8945857882499695
Your boy's suit I designedto withstand enormous friction,neutral,0.8834089040756226
without heating up or wearing out.A useful feature.,approval,0.5282198786735535
Your daughter's suit was tricky.,neutral,0.6494649052619934
I finally created a sturdy material thatwill disappear completely as she does.,neutral,0.31263670325279236
"Your suit can stretch as far as you can,without injuring yourself,",neutral,0.8082062602043152
and still retain its shape.,neutral,0.8262841701507568
"Virtually indestructible,",neutral,0.9240423440933228
yet it breathes like Egyptian cotton.,neutral,0.9329361319541931
"As an extra feature,each suit contains a homing device,",neutral,0.9326319098472595
giving you the precise global locationof the wearer at the touch of a button.,neutral,0.8767915964126587
"Well, darling? What do you think?",curiosity,0.5094600915908813
What do I think? Bob is retired!I'm retired!,neutral,0.4720621109008789
Our family is underground.,neutral,0.9406406879425049
You helped my husband resumesecret hero work behind my back?,neutral,0.3747903108596802
"Well, I assumed you knew, darling.",neutral,0.9298481941223145
Why would he keep secrets from you?,curiosity,0.49346843361854553
He wouldn't. Didn't. Doesn't.,disapproval,0.5745261311531067
Men at Robert's age are often unstable.,neutral,0.8436492085456848
- Prone to weakness.- What are you saying?,neutral,0.7376237511634827
Do you know where he is?,curiosity,0.6282530426979065
- Of course.- Do you know where he is?,neutral,0.5826365351676941
"- Hey, hey. We got a man down!- Come on, let's go.",neutral,0.7872849106788635
Are you okay?What happened?,caring,0.6953986287117004
Break surveillanceand engage. Continuing sweep...,neutral,0.9443820714950562
"- Insuricare.- Oh, hello. This is Helen Parr.",neutral,0.8860450983047485
Bob Parr is my husband.,neutral,0.9533622860908508
I was wondering if you could give methe number of the hotel he's staying at?,curiosity,0.8490583300590515
- The number I have is no good.- Mr. Parr no longer works here.,disapproval,0.6464557647705078
What do you mean? He's ona business trip. A company retreat.,neutral,0.6812882423400879
My records say he was terminatedalmost two months ago.,neutral,0.8025902509689331
"So, you don't know where he is.",neutral,0.9478111267089844
Would you like to find out?,curiosity,0.751063346862793
"I am such an idiot.I let this happen, you know.",annoyance,0.6918942332267761
"The new sports car, the gettingin shape, the blond hair, the lies.",neutral,0.8095102310180664
"Yes, he attempts to relive the past.",neutral,0.694658100605011
Now I'm losing him! What'll I do?What'll I do?,sadness,0.6101917624473572
What are you talking about?,curiosity,0.5201595425605774
You are Elastigirl! My God!Pull yourself together.,admiration,0.3193643093109131
What will you do? Is this a question?,curiosity,0.628227174282074
"Show him you rememberthat he is Mr. Incredible,",neutral,0.8682726621627808
and you will remind him who you are!,neutral,0.9648508429527283
"Well, you know where he is. Go!Confront the problem! Fight! Win!",approval,0.368299663066864
"And call me when you get back, darling.I enjoy our visits.",joy,0.8912219405174255
There's lots of leftoversthat you can reheat.,neutral,0.9286820888519287
"Make sure Dash does his homework.And both of you, get to bed on time.",neutral,0.8864772915840149
I should be back tonight. Late.,neutral,0.8812439441680908
"You can be in charge that long,can't you?",curiosity,0.5419712066650391
Yeah. But why am I in charge again?,curiosity,0.5500972867012024
Nothing. Just a little trouble with Daddy.,neutral,0.44041064381599426
"You mean Dad's in trouble,or Dad is the trouble?",confusion,0.4632112383842468
"I mean either he's in trouble,or he's going to be.",neutral,0.7389630675315857
"What's that?Where'd you get that, Mom?",curiosity,0.6677429676055908
"You made a cool outfit?Hey, are those for us?",admiration,0.6458225846290588
We all get cool outfits?,curiosity,0.3513551950454712
Dash!You come back here this moment!,neutral,0.9433490633964539
"Hey, Snug. Thanks for getting back.",gratitude,0.988749623298645
"I know this is short notice,but I was hoping that I could...",optimism,0.8640908598899841
"- What are these?- Look, I'm The Dash!",neutral,0.5757095813751221
- The Dash likes.- Just a second.,neutral,0.9624418020248413
- Take that off before somebody sees.- You're packing one just like it.,neutral,0.9670480489730835
- Are you hiding something?- Please. I'm on the phone...,neutral,0.6241177320480347
- Dash!- This is yours. It's specially made.,neutral,0.6211497783660889
- What's going on?- You're not coming! I gotta pack!,neutral,0.4181627035140991
What makes you think it's special?,curiosity,0.7186779975891113
I don't know. Why'd Mom try to hide it?,confusion,0.8833715319633484
"Snug, I'm calling in a solid you owe me.",neutral,0.7888033986091614
- What do you need?- A jet. What do you got that's fast?,curiosity,0.6025802493095398
Let me think.,neutral,0.9613648056983948
Island approach.India Golf niner-niner checking in.,neutral,0.9647884368896484
VFR on top. Over.,neutral,0.9686440825462341
"Island tower,this is India Golf niner-niner",neutral,0.9650549292564392
requesting vectors to the initial.,neutral,0.9696799516677856
"Easy, Helen. Easy. Easy, girl.",neutral,0.6715271472930908
You're overreacting. Everything's fine.They're just all getting coffee.,annoyance,0.3614405393600464
At the same time. Yeah.,neutral,0.7922348976135254
"You, sir, truly are ""Mr. Incredible.""I was right to idolize you.",admiration,0.9087804555892944
"I always knew you were tough,but tricking the probe",neutral,0.8749597072601318
"by hiding under the bonesof another super? Oh, man!",neutral,0.4229295551776886
I'm still geeking out about it!,neutral,0.9321373701095581
And then you hadto just go and ruin the ride.,annoyance,0.5167931318283081
"I mean, Mr. Incredible calling for help?""Help me, help me.""",neutral,0.5978566408157349
"Lame, lame, lame.",annoyance,0.418724924325943
"All right, who did you contact?",curiosity,0.620236337184906
Contact? What are you talking about?,curiosity,0.49547022581100464
I am referring to last nightat 23:07 hours,neutral,0.939396321773529
while you were snooping around.You sent out a homing signal.,neutral,0.9611131548881531
I didn't know about the homing device.,neutral,0.5732519626617432
And now a government planeis requesting permission to land here.,neutral,0.955134391784668
Who did you contact?,curiosity,0.6525644063949585
I didn't send for a plane.,neutral,0.5914056897163391
Play the transmission.,neutral,0.9645583629608154
- India Golf checking in.- Helen!,neutral,0.9686799049377441
So you do know these people.,neutral,0.7582892775535583
"Well, then,I'll send them a little greeting.",neutral,0.711916446685791
- Ow!- Violet!,neutral,0.9418434500694275
It's not my fault.,neutral,0.33933740854263306
"Dash ran away,I knew I'd get blamed for it.",sadness,0.6013298034667969
That's not true!,disapproval,0.8554648756980896
"You said, ""Something's up with Mom.We have to find out what.""",neutral,0.8356808423995972
- ...and it's not my fault!- Hundred percent all-yours idea!,neutral,0.672758162021637
Wait a minute.You left Jack-Jack alone?,neutral,0.4101502597332001
"- Of course we got a sitter.- We got someone, Mom.",neutral,0.8240272998809814
- We wouldn't do that.- Thanks a lot!,gratitude,0.9324336051940918
"All right, well, who'd you get?",curiosity,0.6117085814476013
You don't have to worryabout one thing.,caring,0.4017302393913269
"I've got baby-sitting wired.I've taken courses, learned CPR,",approval,0.49839353561401367
- excellent marks and certificates.- Kari.,admiration,0.8806714415550232
I brought Mozart to play while he sleeps,neutral,0.9528696537017822
because leading experts sayMozart makes babies smarter.,neutral,0.6805312633514404
- Kari...- The beauty is,admiration,0.8274142146110535
they don't have to listen'cause they're asleep!,neutral,0.9003041982650757
I wish my parents played Mozart,desire,0.8248648047447205
because half the time I don't knowwhat anyone's talking about.,confusion,0.8330225348472595
"Kari, I really don't feelcomfortable with this.",disapproval,0.3820202946662903
"I'll pay you for your trouble,but I'd rather call a service.",neutral,0.701728880405426
"There's really no need, Mrs. Parr.",neutral,0.6251106262207031
I can totally handle anythingthis baby can dish out.,approval,0.7487727999687195
"Can't I, little baby?I can handle it.",approval,0.6669124960899353
Who can handle it?,curiosity,0.5317602157592773
India Golf niner-niner transmittingin the blind guard.,neutral,0.9680076241493225
"Disengage. Repeat, disengage.",neutral,0.8410066962242126
"Repeat, disengage.",neutral,0.9535390138626099
- Friendlies...- No!,neutral,0.8019351363182068
Call off the missiles. I'll do anything.,neutral,0.6314830183982849
Too late. Fifteen years too late.,neutral,0.3581725060939789
Friendlies two-zero milessouth-southwest of your position.,neutral,0.969528317451477
Angels 10. Track east. Disengage.,neutral,0.9640788435935974
Vi! Put a force field around the plane.,neutral,0.9628223776817322
You said not to use our powers.,neutral,0.7692148685455322
I know what I said.Listen to what I'm saying now!,approval,0.6687834858894348
"Disengage. Repeat, disengage!",neutral,0.8990614414215088
Mom?,neutral,0.7172790765762329
Violet!,neutral,0.8179864287376404
Mayday. India Golf niner-nineris buddy-spiked. Abort!,neutral,0.914657473564148
There are children aboard.,neutral,0.9409226775169373
- There are children aboard!- No!,neutral,0.6830348968505859
Put a field around us now!,neutral,0.9621388912200928
I've never done one that big.,surprise,0.4520813524723053
Do it now!,neutral,0.6136355400085449
"Abort, abort, abort!",neutral,0.9105241298675537
"Abort, abort, abort!",neutral,0.9105241298675537
Brace yourselves!,neutral,0.924752950668335
- Mom!- Everybody calm down.,neutral,0.8642926216125488
I'll tell you what we're not gonna do.,neutral,0.6814109086990356
"We're not gonna panic, we're not...Look out!",neutral,0.4377139210700989
"- Oh, my God! Whose idea was this?- What are we gonna do?",curiosity,0.5590806603431702
We're dead! We're dead!,sadness,0.5619890689849854
- It blew up!- We survived but we're dead!,sadness,0.669439971446991
Stop it!,anger,0.6149827241897583
We are not gonna die!,neutral,0.7672213315963745
Both of you will get a grip.,neutral,0.9246140122413635
Or so help meI will ground you for a month!,neutral,0.7521051168441772
Understand?,neutral,0.526626706123352
We have a confirmed hit.Target was destroyed.,sadness,0.5911611318588257
"Ah, you'll get over it.",caring,0.6742392182350159
"I seem to recallyou prefer to ""work alone.""",neutral,0.8651344776153564
Release me. Now!,neutral,0.9405187368392944
Or what?,neutral,0.4973888397216797
I'll crush her.,anger,0.7867748737335205
"That sounds a little dark for you.Well, go ahead.",approval,0.5142301917076111
It'll be easy. Like breaking a toothpick.,neutral,0.6202908158302307
Show me.,neutral,0.9384567737579346
I knew you couldn't do it.,neutral,0.5533154606819153
Even when you have nothing to lose.,neutral,0.8547070026397705
You're weak.,neutral,0.36721429228782654
And I've outgrown you.,neutral,0.33948227763175964
Those were short-range missiles.Land-based.,neutral,0.9496685266494751
That way is our best bet.,approval,0.47464612126350403
You want to go towardthe people that tried to kill us?,curiosity,0.5434490442276001
"- If it means land, yes.- Do you expect us to swim there?",curiosity,0.6104278564453125
I expect you to trust me.,neutral,0.7358248829841614
What a trooper.,admiration,0.8481487035751343
I'm so proud of you.,admiration,0.6362800002098083
"Thanks, Mom.",gratitude,0.9900243282318115
I think your father is in trouble.,sadness,0.409526526927948
"If you haven't noticed,we're not doing so hot either.",neutral,0.5313678979873657
I'm going to look for him.,neutral,0.7038964629173279
"And that means you're in chargeuntil I get back, Violet.",neutral,0.8869231939315796
- What?- You heard her.,neutral,0.8728317618370056
Put these on. Your identityis your most valuable possession.,neutral,0.4966869354248047
Protect it.,caring,0.8182161450386047
"And if anything goes wrong,use your powers.",neutral,0.8468142747879028
- But you said never to use...- I know what I said!,neutral,0.7151037454605103
Remember the bad guys,neutral,0.8719123601913452
on those shows you used to watchon Saturday mornings?,curiosity,0.5104014277458191
"Well, these guysare not like those guys.",disapproval,0.6004563570022583
They won't exercise restraintbecause you're children.,neutral,0.8185483813285828
They will kill you if they get the chance.,neutral,0.652133584022522
Do not give them that chance.,neutral,0.7795215845108032
"- Mom?- Vi, I'm counting on you.",neutral,0.5639265179634094
- There's...- I'm counting on you. Be strong.,caring,0.8565500378608704
"Dash, if anything goes wrong,I want you to run as fast as you can.",desire,0.4999692440032959
- As fast as I can?- As fast as you can.,neutral,0.5731766223907471
Stay hidden. Keep each other safe.I'll be back by morning.,caring,0.8971323370933533
Mom!,neutral,0.9297661781311035
"Mom, what happened on the plane.I'm sorry.",remorse,0.79886394739151
I wanted to help.When you asked me to... I'm sorry.,remorse,0.41640737652778625
Shh. It isn't your fault.,disapproval,0.3819364011287689
It wasn't fair for me to suddenlyask so much of you.,disapproval,0.7956523895263672
But things are different now.,realization,0.7110152840614319
"And doubt is a luxurywe can't afford anymore, sweetie.",disapproval,0.4283844530582428
You have more power than you realize.,admiration,0.5914075970649719
Don't think. And don't worry.,caring,0.8309271335601807
"If the time comes,you'll know what to do.",approval,0.46829304099082947
It's in your blood.,neutral,0.945273220539093
"- He's not weak, you know.- What?",neutral,0.7094416618347168
Valuing life is not weakness.,neutral,0.5795721411705017
"Hey. Look, if you're talking aboutwhat happened in the containment unit,",neutral,0.9302005171775818
I had everything under control.,approval,0.620442807674408
And disregarding it is not strength.,disapproval,0.6297318935394287
"I called his bluff, sweetheart, that's all.",neutral,0.7945318222045898
I knew he wouldn't have it in himto actually...,neutral,0.9247902631759644
"Next time you gamble, bet your own life!",neutral,0.9110202789306641
"Okay, okay, okay.",approval,0.7855231761932373
A rocket?,neutral,0.6824135184288025
Hey!,neutral,0.8101447224617004
"Well, not that this isn't fun,but I'm gonna go look around.",neutral,0.41196802258491516
What do you think is going on here?,curiosity,0.6564741730690002
You think we're on vacation?,neutral,0.521467924118042
Mom and Dad's livescould be in jeopardy.,sadness,0.346813440322876
"Or worse,their marriage.",neutral,0.5918171405792236
Their marriage?,neutral,0.8051690459251404
"So, the bad guys are trying to wreckMom and Dad's marriage.",neutral,0.67596834897995
Forget it. You're so immature.,annoyance,0.6636285185813904
- I'm gonna go look around.- Mom said to stay hidden.,neutral,0.9592509269714355
I'm not gonna leave the cave. Sheesh.,neutral,0.4473405182361603
Cool!,admiration,0.4697924256324768
Cool!,admiration,0.4697924256324768
Roger.We are ready for launch.,neutral,0.9017602205276489
"- Vi, Vi!- What did you do?",neutral,0.6320671439170837
ETA two-niner. Over.,neutral,0.8735095262527466
TCI clear. Condition yellow.Status norm.,neutral,0.938770055770874
Not responding to IFF.,neutral,0.875483512878418
IRCM reads negative.,neutral,0.9282002449035645
- Bob.- What?,neutral,0.8747463226318359
I didn't say anything.,neutral,0.7821876406669617
"Identification, please.",neutral,0.9337317943572998
Hey!,neutral,0.8101447224617004
"- Hey, Violet! Come here, look. It talks!- What? What?",neutral,0.46289417147636414
There. That one.,neutral,0.9385691285133362
Voice key incorrect.,disapproval,0.5722475647926331
"""Voice key""?",neutral,0.8534541726112366
Voice key incorrect.,disapproval,0.5722475647926331
Wait a second.,neutral,0.9077064394950867
- What do we do?- Run!,neutral,0.7530967593193054
- Where are we going?- Away from here!,neutral,0.6900172233581543
Intruder alert.,neutral,0.9125485420227051
"- There isn't much time.- No, there isn't.",disapproval,0.7363709807395935
"In fact, there's no time at all.",neutral,0.8066273927688599
- Please...- Why are you here?,neutral,0.5925609469413757
How can you possibly bring me lower?What more can you take away from me?,curiosity,0.558875560760498
Family survived the crash.,neutral,0.8794724345207214
They're here on the island!,neutral,0.9352939128875732
They're alive?,neutral,0.6019381880760193
- Helen?- Hello.,neutral,0.9568663239479065
You must be Mrs...,neutral,0.8647008538246155
- She was helping me to escape.- No.,neutral,0.9614887833595276
That's what I was doing. Let go of me!,neutral,0.9497643113136292
"Let go, you lousy, lying,unfaithful creep!",anger,0.6807026863098145
How could I betray the perfect woman?,curiosity,0.4744688868522644
"Oh, you're referring to me now?",curiosity,0.4682474434375763
Where are the kids?,curiosity,0.5642280578613281
- They triggered the alert.- What?,neutral,0.7891392111778259
- Security's in the jungle. Get going.- Our kids are in danger?,neutral,0.43035760521888733
"If you suspected danger,why'd you bring them?",curiosity,0.5667095184326172
They stowed away.You're not striking the proper tone.,neutral,0.5789793133735657
Think they're supers?,neutral,0.5534269213676453
"Dash, remember what Mom said.",neutral,0.8301968574523926
- What?- Stop talking!,anger,0.5997570753097534
"- Hold it! Freeze!- Dash, run!",neutral,0.9199169874191284
- What?- Run!,neutral,0.9103082418441772
- They're supers!- Get the boy!,neutral,0.9515799283981323
Show yourself!,neutral,0.9598022103309631
Hey!,neutral,0.8101447224617004
"Ha, ha!",amusement,0.27662211656570435
I'm alive. Yeah!,neutral,0.4250325858592987
Uh-oh.,neutral,0.9227851629257202
"I should've told you I was fired,I admit it.",approval,0.5441139340400696
But I didn't want you to worry.,neutral,0.39344725012779236
You didn't want me to worry?,curiosity,0.28143322467803955
We're running for our livesthrough some godforsaken jungle.,neutral,0.8323268890380859
"You keep trying to pick a fight,but I'm just happy you're alive.",joy,0.8777899742126465
"I know you're there,Little Miss Disappear.",neutral,0.8573287129402161
You can't hide from me.,neutral,0.8943924903869629
- There you are.- Hey!,neutral,0.6671428084373474
Don't touch my sister!,anger,0.40478721261024475
- How are you doing that?- I don't know!,confusion,0.9083994030952454
"Whatever you do, don't stop!",caring,0.703011691570282
Mom! Dad! Hey!,neutral,0.7327601909637451
Kids.,neutral,0.9661104083061218
- You're all right.- You're all right.,approval,0.6053948998451233
- We were so worried.- I thought I'd never see you again.,nervousness,0.5466551780700684
I love you.,love,0.9505043625831604
- Wow.- Whoa.,surprise,0.567330539226532
Time out!,neutral,0.9624199271202087
What have we here?Matching uniforms?,curiosity,0.526138961315155
"Oh, no! Elastigirl?",surprise,0.5399346351623535
You married Elastigirl? Whoa!,surprise,0.358746200799942
And got busy!,neutral,0.900568962097168
It's a whole family of supers.Looks like I've hit the jackpot!,excitement,0.6842568516731262
"Oh, this is just too good!",admiration,0.9469872117042542
- The ship's unique design...- There were no fatalities...,neutral,0.6217492818832397
"Huh? Huh? Oh, come on!You gotta admit, this is cool.",approval,0.5752826929092407
"Just like a movie!The robot will emerge dramatically,",neutral,0.8394553065299988
do some damage.Throngs of screaming people!,neutral,0.8349265456199646
"And just when all hope is lost,Syndrome will save the day!",optimism,0.4881754219532013
I'll be a bigger hero than you ever were!,optimism,0.2987448573112488
You mean you killed off real heroesso that you could pretend to be one?,neutral,0.48200684785842896
"Oh, I'm real.Real enough to defeat you!",approval,0.4478091299533844
"And I did it without your preciousgifts, your oh-so-special powers.",disappointment,0.316576212644577
I'll give them heroics.,neutral,0.8363491892814636
I'll give them the most spectacularheroics anyone's ever seen!,admiration,0.6434175372123718
"And when I'm old and I've had my fun,I'll sell my inventions",joy,0.5653144717216492
so that everyone can be superheroes.Everyone can be super.,neutral,0.524929940700531
And wheneveryone's super,neutral,0.9306219816207886
no one will be.,neutral,0.9570813179016113
Fire at will!,neutral,0.9497446417808533
It's overwhelming the tanks.,surprise,0.2525051236152649
I'm sorry.,remorse,0.7849799394607544
This is my fault.I've been a lousy father.,disappointment,0.406094491481781
Blind to what I have.So obsessed with being undervalued,neutral,0.2979501485824585
- that I undervalued all of you.- Dad?,neutral,0.6615217924118042
Shh. Don't interrupt.,neutral,0.7520424723625183
So caught up in the past that I...,neutral,0.549545168876648
You are my greatest adventure.And I almost missed it.,disappointment,0.5579391717910767
"I swear, I'm gonna get usout of this safely if I...",optimism,0.7229161858558655
"Well, I think Dad has madesome excellent progress today",admiration,0.9178808927536011
but I think it's time we wind down now.,neutral,0.7624914646148682
We need to get back to the mainland.,neutral,0.7166560292243958
I saw an aircraft hangar on my way in.Straight ahead.,neutral,0.9525688290596008
Where are all the guards?,curiosity,0.5547842383384705
"Go, go!",neutral,0.93507319688797
"Hey, every time they run,you take a shot.",neutral,0.9158281087875366
"This is the right hangar,but I don't see any jets.",approval,0.47415146231651306
- A jet's not fast enough.- What's faster than a jet?,neutral,0.47826460003852844
How about a rocket?,curiosity,0.65083909034729
- Great! I can't fly a rocket.- You don't have to.,admiration,0.7546446323394775
Use the coordinatesfrom the last launch.,neutral,0.9634334444999695
Wait. I bet Syndrome's changedthe password by now.,neutral,0.8110564351081848
- How do I get into the computer?- Say please.,neutral,0.5123895406723022
- Honey?- What?,neutral,0.8145155310630798
- Where is my super suit?- What?,curiosity,0.6301625370979309
Where is my super suit?,curiosity,0.6576247811317444
- I put it away.- Where?,neutral,0.895957887172699
- Why do you need to know?- I need it!,neutral,0.5265627503395081
Don't you think aboutrunning off doing no derrin'-do.,neutral,0.551482081413269
We've been planningthis dinner for two months!,neutral,0.6065806150436401
- The public is in danger!- My evening's in danger!,fear,0.4789108335971832
"Tell me where my suit is, woman!We are talking about the greater good.",curiosity,0.4911143183708191
"""Greater good""?I am your wife!",admiration,0.42725276947021484
I'm the greatest goodyou are ever gonna get!,admiration,0.8972771167755127
Run!,neutral,0.9538888335227966
My baby!,neutral,0.20686635375022888
- The supers have returned!- Is that Fironic?,neutral,0.5426034331321716
"- Fironic?- No, Fironic has a different outfit.",neutral,0.7035037279129028
"No, no, I'm a new superhero!I'm Syndrome!",disapproval,0.6570550203323364
"All right, stand back.",neutral,0.790553629398346
Someone needs to teachthis hunk of metal a few manners.,neutral,0.8857471942901611
"Ha, ha!",amusement,0.27662211656570435
- Are we there yet?- We get there when we get there.,neutral,0.6834990978240967
"How you doing, honey?",curiosity,0.4856043756008148
Do I have to answer?,neutral,0.46470972895622253
"Kids, strap yourselves downlike I told you.",neutral,0.850726306438446
"Here we go, honey.",neutral,0.8264361619949341
"Ready, Violet?",neutral,0.6875259280204773
Ready? Now!,neutral,0.7981327176094055
This is gonna be rough.,neutral,0.33853787183761597
Robot's in the financial district.Which exit?,neutral,0.6293362379074097
- Traction Avenue.- That'll take me downtown.,neutral,0.9575502276420593
"- I take Seventh, don't I?- Don't take Seventh!",neutral,0.7919119596481323
"- Great, we missed it.- Ask how to get there, I told you.",disappointment,0.7308751344680786
- Traction.- That'll take me downtown.,neutral,0.9590462446212769
Get in the right lane! Signal!,neutral,0.9640313982963562
- Not Traction!- You're gonna miss it!,neutral,0.6316137909889221
Is everybody okay back there?,caring,0.7624257206916809
"- Super-duper, Dad!- Let's do that again.",neutral,0.4543842673301697
Wait here and stay hidden.I'm going in.,neutral,0.9487082362174988
While what?I watch helplessly from the sidelines?,sadness,0.4577680230140686
- I don't think so.- I'm asking you to wait with the kids.,disapproval,0.6495113372802734
And I'm telling you not a chance.You're my husband.,neutral,0.6790196299552917
I'm with you for better or worse.,caring,0.8662858605384827
I have to do this alone.,neutral,0.8698655962944031
- What is this to you? Playtime?- No.,neutral,0.6188453435897827
- So you can be Mr. Incredible again?- No!,neutral,0.4401668906211853
- Then what?- I'm not...,neutral,0.709909975528717
- Not what?- I'm not strong enough.,disappointment,0.46730390191078186
- This will make you stronger?- Yes. No!,disapproval,0.439229816198349
That's what this is?Some sort of workout?,confusion,0.5826522707939148
I can't lose you again!,neutral,0.4941991865634918
I can't. Not again.,disapproval,0.8229610919952393
I'm not strong enough.,disappointment,0.3920832574367523
"If we work together,you won't have to be.",neutral,0.8505070209503174
I don't know what'll happen.,confusion,0.87639319896698
We're superheroes. What can happen?,curiosity,0.7274393439292908
Vi! Dash! No!,neutral,0.5945681929588318
Violet?,neutral,0.7748472690582275
"- Dad!- Go, go!",neutral,0.9276193380355835
"- I'm okay, Mom. Really.- Stay here, okay?",caring,0.6988164186477661
Frozone!,neutral,0.9626074433326721
Yeah!,neutral,0.4292903542518616
Bob!,neutral,0.9530632495880127
Hey!,neutral,0.8101447224617004
Syndrome's remote!,neutral,0.9674293398857117
The remote controls the robot!,neutral,0.9604196548461914
"Throw it, throw it!",neutral,0.7482776641845703
Go long!,neutral,0.9419506192207336
Got it!,neutral,0.47478845715522766
"Honey, take out its guns!",neutral,0.939889132976532
Gotcha!,neutral,0.7794744968414307
"Mom, I've got it! I've got the remote!",neutral,0.6990483999252319
A remote? A remote that controls what?,neutral,0.5805789232254028
The robot?,neutral,0.6915415525436401
It's coming back!,neutral,0.9081159234046936
- That wasn't right.- Give me that!,disapproval,0.7954152226448059
We can't stop it. The only thinghard enough to penetrate it is,neutral,0.8522855639457703
itself.,neutral,0.9652324318885803
It's getting closer!,neutral,0.81586754322052
- It doesn't work!- Kids!,disapproval,0.7192383408546448
It's not doing anything.,neutral,0.6841415166854858
- Try to buy us some time.- Try the one next to it.,neutral,0.9160614013671875
Honey!,neutral,0.8856820464134216
Wait a minute. Press that button again!,neutral,0.7623801827430725
"No, the other one! The first one!",neutral,0.6496086120605469
First button! Got it!,excitement,0.511660099029541
- It's getting closer!- Look out!,neutral,0.6663128733634949
- Get out of here!- We're not going anywhere.,anger,0.7199128866195679
- Press the button!- Not yet!,neutral,0.9321795105934143
- Helen!- What are you waiting for?,neutral,0.6363924145698547
A closer target! You got one shot!,neutral,0.952564537525177
Everybody duck!,neutral,0.9611460566520691
"Hey, Zone.",neutral,0.9345269203186035
Huh? No!,disapproval,0.6656094789505005
Did you see that?That's the way to do it.,curiosity,0.4434487223625183
- That's old school.- Yeah. No school like the old school.,neutral,0.5849433541297913
- Just like old times. Oh!- Just like old times.,neutral,0.29489558935165405
"Yeah. Hurt then, too.",sadness,0.8017529249191284
We've frozen all of Syndrome's assets.,neutral,0.9598615169525146
"If he even sneezes, we'll be therewith a hanky and a pair of handcuffs.",neutral,0.965756356716156
The people of this countryare indebted to you.,caring,0.34693944454193115
Does this mean we cancome out of hiding?,confusion,0.5162202715873718
Let the politicians figure that one out.,neutral,0.9469820857048035
I've been asked to assure youwe'll take care of everything else.,caring,0.8068863749504089
"You did good, Bob.",admiration,0.8734205961227417
"Hi, this is Kari.I have a question about Jack-Jack...",neutral,0.832305908203125
Come on. We're in a limo.,neutral,0.9537361264228821
"Hey, you're wearing your hair back?",neutral,0.5876890420913696
"- Yeah, I just... Yeah.- It looks good.",admiration,0.734844446182251
"- Thanks, Dad.- That was cool when you threw that car!",gratitude,0.9807532429695129
Not as cool as you running on water.,disapproval,0.6452783346176147
That was sweet when yousnagged that bad guy with your arm,neutral,0.3267118036746979
and whip la shed him into the other guy.Sweet!,neutral,0.6795383095741272
- I'm trying to listen to messages.- It's me.,neutral,0.9551669955253601
"Jack-Jack is fine,but weird things are happening.",neutral,0.23152033984661102
"Jack-Jack's still fine,but I'm getting really weirded out!",neutral,0.28272783756256104
When are you coming back?,curiosity,0.5695270299911499
...aced those guys that tried to kill us!,neutral,0.7865474224090576
That was the best vacation ever!I love our family.,love,0.8972094655036926
"I'm not fine, Mrs. Parr!",neutral,0.46803322434425354
Put that down! Stop it!You need to call me.,anger,0.43339213728904724
"I need help, Mrs...",desire,0.5409907698631287
"Bob, listen to this.",neutral,0.9412289261817932
I'm gonna call the police...,anger,0.3763410151004791
"Hi, this is Kari.",neutral,0.9561691880226135
"Sorry for freaking out,but your baby has special needs.",remorse,0.6835826635360718
Thanks for sending a replacement.,gratitude,0.9894570708274841
I didn't call a replacement.,neutral,0.7340900897979736
Shh. The baby is sleeping.,neutral,0.9254128336906433
You took away my future.,neutral,0.338695228099823
"I'm simply returning the favor.Don't worry, I'll be a good mentor.",caring,0.4460154175758362
"Supportive, encouraging.Everything you weren't.",neutral,0.5265520215034485
"And in time, who knows,he might make a good sidekick.",optimism,0.8409193158149719
"He's getting away, Bob!We have to do something now.",neutral,0.8371825218200684
What's happening?,curiosity,0.6132526397705078
- Stop him! Throw something!- I might hit Jack-Jack.,neutral,0.5306404829025269
Throw me.,neutral,0.8439551591873169
"Bob, throw me!",neutral,0.8960626721382141
No!,disapproval,0.7230175733566284
"This isn't the end of it!I will get your son, eventually.",desire,0.32170307636260986
I'll get your son!,neutral,0.5976315140724182
"Oh, no.",disapproval,0.40975046157836914
"Look at Mommy, honey.Don't look down. Mommy's got you.",neutral,0.5532292127609253
Everything is all right.,approval,0.666999340057373
That's my girl.,neutral,0.42373260855674744
Does this meanwe have to move again?,confusion,0.4662933349609375
"Oh, man.",neutral,0.8490955233573914
That was totally wicked!,anger,0.310109406709671
Do we have to have cheerleadersat the track meet?,curiosity,0.6483370065689087
- What is that all about?- I always thought it was more...,confusion,0.7681657671928406
- Hey.- Hey.,neutral,0.963381826877594
"- You're, uh, Violet, right?- That's me.",neutral,0.5035369992256165
"- See you, Vi.- You look different.",neutral,0.8815536499023438
I feel different. Is different okay?,curiosity,0.458792507648468
"Hey, different is...Different is great.",admiration,0.8811876773834229
Would you...,neutral,0.9339260458946228
- Yeah?- Do you think maybe...,neutral,0.732046365737915
- ...you and I...- Yeah?,neutral,0.8498473763465881
- Do you...- Shh.,neutral,0.9590122699737549
I like movies.I'll buy the popcorn. Okay?,love,0.7874019742012024
A movie.There you go. Yeah.,neutral,0.7781253457069397
"- Wait, so Friday?- Friday.",neutral,0.6548852920532227
"- Go, Dash, go.- Run!",neutral,0.9561676383018494
"Come on, run! Pick up the pace.",neutral,0.822267472743988
Run!,neutral,0.9538888335227966
"Pull back, pull back!",neutral,0.966371476650238
Pace it. Slow down just a little bit.,neutral,0.8173851370811462
- Make it close!- Second.,neutral,0.9686139822006226
"Close second, yeah!",neutral,0.7672410607337952
That's my boy!,excitement,0.2795838713645935
"Dash, I'm so proud of you.",admiration,0.6942359805107117
I didn't know what the heckyou wanted me to do.,confusion,0.9224929213523865
Behold the Underminer!,neutral,0.8472920060157776
"I am always beneath you,",neutral,0.9096236824989319
but nothing is beneath me!,neutral,0.9551912546157837
I hereby declare waron peace and happiness!,joy,0.7980741262435913
Soon all will tremble before me!,neutral,0.6891453862190247
